summonerId,summonerName,leaguePoints,rank,wins,losses,veteran,inactive,freshBlood,hotStreak
eY9Qa1kbBM7IzR1VDBSCQWR83RU-xJYD-0jiQv95aEKt7wE,tryharder123,1191,I,658,591,True,False,False,False
TpNjo1CSxI7GPWPNjOACezdx_R3qLOx8AnZhc4enCJuZ860,Razørk Activoo,1233,I,336,256,False,False,False,False
8sp1LZ11YpsUyjfx_MVgRHplBPnRMct34RCK7fY8nCcE56vSoDuGBhZwqw,FB Neramin1,1031,I,400,343,True,False,False,True
9sFRrkMPVudtvhgHloz_Co1kZT6EmGJ4F1dnkq2neiWH1-Xm,Nio Nio Nii,1021,I,971,925,False,False,False,False
R-2q6cLafP41-I5lXZGsHI1uyEwlP7cUP6_DPw4OoYzzOAYCLFrp8L4ZuA,januaryneverends,1001,I,130,114,True,False,False,False
jyueOX4rvElwm94nF7-38Tc3zaK7hKxlxXvXmhvyoqkkyqZq,Mavi Solman1,1167,I,289,224,True,False,False,False
KomR-yYzWxFz52cJi_mV-sy1LVeD51T6W8yV0_0Wd6LlYw5T,twtv NyroLoL,985,I,605,545,False,False,False,False
B787xLPiC5xZeoRPKznbtJslYjHUKKqJiuYlnd9o1f7aMZI,KC Rekkles,978,I,665,608,False,False,True,True
Hq0CGnjFJdgbS9XZKIC1S3ll2__Ykep3_15wp1bA0_tzs8s,GK Mishal,979,I,438,375,False,False,False,True
K5ET0RWgwgahzntU3umkXaMTX4z0Rb13vqvn8uYA71AfdfU,Sawyor,1037,I,795,742,True,False,False,False
8hBPPea7iP9mpQdAZo1hp8xsWDVfPjRJ3kwC5cpoqXMoYao,caughtt a vibe,967,I,998,933,False,False,False,False
cFuKRbTnOkbfOibRRPKDJglVuADFbGmXrdgBYS5UiZRrm4s4sJlWWXC5VA,Undercover ChimP,983,I,239,172,False,False,False,True
86042_d_WzA0Gu_7F7JU4cH1_4my6xHWt-uTi_RvLIJqurkQ,togrU nomaK,973,I,341,289,False,False,False,False
TPDW9kg-222ihm-mq6vg_KbmuIfzVdrkCjdXxg_AGvAtMo4,MAD Unforgiven0,1065,I,160,125,False,False,False,False
7_YtGlqZI8BbdwfFo_hDjlzMlM6vSjUECRPmGQ6umM4Trkch,FFFFFFFFFFFERRET,1219,I,664,600,True,False,False,False
nEFXC8KqYWqtlYJS-2sYKeq6tiaQsrkOmLEh0mqUvwk1noyG,tetris guden,976,I,331,273,False,False,False,False
m7pAunFiLvKP79cYkjPW08WNnKdoDhe0v-50zBLxrUa_ihE,Chad Movement,1087,I,404,349,True,False,False,False
JOmZEXXHS1MuzlTMAJaeTVdXatoUT_3EIwX_6wQTT_HSbMLCRpfR8xK_nA,TwTv elramirlol,969,I,470,407,False,False,False,False
7Hqqvac3o94ctlTKRzeir6HfAqFi5wB7OLtkL-Dlv-C9O_kw,phlaty,998,I,1014,959,False,False,False,False
mvt87-IGDVW7AEYyGGdw7wdpyZpGOeKfk8t0j7ksA7gbdb4,FNC MAHDI,987,I,297,269,False,False,False,True
EqBsQQ_nAHL-PE1PkPGRJg6iDlnSZazRsU69CgWpGu-noL0,Maître Splinter,1004,I,537,474,True,False,False,False
IdJWzxXeKqd3x1J2EV6lO1Pkzb0u6RmTEPVvJ2XU_FC4FBY,M1dLaoban,1056,I,631,564,True,False,False,False
psk0Xw6DZzAjKSK99_n2YJKIi0FxyXld2hIwXPiyaDsWlWej,finding purpose,1013,I,490,427,False,False,False,True
AMYx5RB8Sp_3m5ws-m_l77mzXJgIh_LkkYgjhgpp9uEMkrk,Akrowz,1010,I,519,452,False,False,False,False
tPRh7NoebY76VvYSUeaDJ88lMk2V-ludFRxXBi5xmzp9gGM,TheDisconnect,1111,I,339,272,False,False,False,False
GMwcg7NSuPBlJ6ahl2Zgb_2I9LjD_DTXRYLpSagWhX2dMk1_TyunDqgMkQ,Expecto Patrounm,1051,I,288,218,True,False,False,False
6bRkVAjj8frgKcv-_YKd7m0GU6nUn2ewLJ5D5YGJ6G7Oey5M,Bojji,1435,I,166,107,True,False,False,False
Ez4ysrwaQdHOAUvymIS0zKSiTH5jWF2iRuJSBL_SLNTlI3H19yK2DxSpGA,SURTR R1SING ,982,I,970,900,False,False,False,False
U8ug_-X20oFoCKZoc6SjrRI9DPriuNMHp0Cwx8o99DBEbcbKEWOEJfzKZg,Unforgiven 63451,1038,I,96,64,False,False,False,False
raqJwOy7WsQSu1obYj9OhrDhtLLsjVe-OqGQT5oQyMycUvQ,Dzukill,1581,I,531,438,True,False,False,False
WlyhCYEMVVDCFVZw37xm031a-J4QvJPhmrha4X8MKAFwWlI,erk1,975,I,291,227,True,False,False,False
CaR2dNOWcpEh9BVGHvGoL8au2aRlE-UOnX3p_JKJiil7S7I,Legendary Bow,985,I,180,131,False,False,False,False
tKBAW92zwUxJqkpt41L0j0gJhOE7BLu8A51nhDyRELdhzRc,MTLK Filou,972,I,385,329,False,False,False,False
ozt9IhpSyIHhzYDVPhaG5jWMcs73FRo5k0DdBhYpvKFqjoE,Ekko the Neeko,1025,I,1305,1249,False,False,True,False
duZ_x8yRzqHCPHc9M0D8qiQvqoNIUyYmSYOIUqv6iTkZte8,Nunu,1003,I,616,542,False,False,False,True
R0ywfkwp21Bv_aFB4v9QxZ8KnyCKc-zVYjf7bGbjg6SNaivd,ShadowMonarch1,1253,I,266,179,True,False,False,False
YdGDAMFBWiIQ9HQ2HAnTMMf_nk8kKqYun73ZjHWcOIF-Hm0,tomate y lechuga,975,I,631,577,False,False,False,False
2a5hrWXV-xqcbyc1qw_LmcUXGWC8FSPMGk0o1-rnl7tVtCc,Veignorem,1314,I,388,320,True,False,False,True
BJgxNAgo9AX9JMRKATb0Px0QXBpvPCRVLxpUkN83aE9oSoJXpL7faaSyeA,ŁPL Top,983,I,173,111,False,False,False,True
JTNb4HoLwXVIWsDOz5B1djMnRlzvEgsJtUq_TBBtfprMBEM,GOREDRINKER HAHA,975,I,261,211,False,False,False,True
lZT95fVbSsQ2JMBGKfHP1vbry0xhHCBn1d6h3nby4aCjTN8,KC Hantera1,1020,I,1045,981,False,False,True,False
vn1degKLMgGrfQ4EhBZQlUbqhcWZYLnlXf22PKsXkx2ZsWk,hi im keduii,1237,I,957,888,True,False,False,False
bhlJMbRd5S_QHhgfPAi8kEu69YiZ9UVRS1gLS6V1lOzbzQA,Retired Yung,971,I,320,266,False,False,False,False
CBS_zdUpdNabLLcS6tz-5vxavQVR7-6yKr0Mi2ngbWMVitk,ION Marrow Ooze,1017,I,358,299,False,False,False,False
h5o2utpFSACgC5CC6tMUxcAY12yem75FRO-Uja-2sPNnX6Tf,Red Winter,1065,I,344,286,True,False,False,False
hBD_woMd28_GV7SRmvsyLCk0CBHydblrF8Xiq5B1Yby39nI-ZTvp-vGqVQ,piano gaming,1007,I,364,261,False,False,False,True
XfYHEVkUouHsXXK8KBH1pkZ3NWfuofOi9k_aKA0RscsitsxhyVmE7Zit0w,24 11 2021,982,I,147,126,False,False,False,False
Cvae27fbibyidG-HOpyJsWDnxgVHMqMgqLx01E1LGkGdHB8J62gf0t-70w,Sunflοwer,1026,I,557,497,True,False,False,False
TB56h8KrcjmIXeT0icxJfSPiqQxvkBPZ5pEZLPKXJzL1H0pY,potatoporcupine1,1038,I,942,876,False,False,False,False
KvX44rZumj0PHNZShPirjFm4hjG4ZGKNhK7qH7oaUKreBz4,Kaor1,1234,I,792,720,True,False,False,False
Gw8oTItd1bZz9yJxN97rzaDWlMcC4oubqkqye--lwT0N4Ng,it s just over,1131,I,255,190,True,False,False,False
_Mxp9rG_XlOE5Lra-vxAO0v3fTHj7-EGoIZmx6Vi7ILSCYo,Bliio,975,I,402,347,False,False,False,True
TdVY-o3nAe61HS3j0GBF7qV0ZS835jCWvHHJxhXlvFiDTBE,MSF Sertuss,1205,I,1279,1198,True,False,False,False
QVI8_LMSjemoxw35veI5we3HakBbAyQYsoxkWB0y5B6SMdY,LIMIT12345,1030,I,570,514,True,False,False,False
Lp6__MnkNs6ZoC1MnMQsSbHLK1kRnhQ7EvSYoC3I1P05V_Rr,EDG Innaxe,991,I,659,601,False,False,False,False
JUnKWewt9AdYrbUpH0BT7VSJMC2TqzdRPSnt44LsxWaZw3M,Lekcyc,1004,I,320,275,True,False,False,False
9gt8HP4S-68sPqaQhqlQmFCFWSbUBqpYZBTIiWiFZed5YQs,Ukazat,1125,I,317,255,True,False,False,False
7-qAggqZl6k4Oc0GoBvtj70V_7iKbIjO0qPmJxdIqes2DgM,Stormaxx,965,I,314,261,False,False,True,False
Gmt2JawrFuYqvVaY-IGaZgoi_oJ7mTeP6pokrTfha9UPckI,Anonyme Giraffe,1004,I,361,311,False,False,False,True
xTwPj96uxTybaeWBnVtyZ_xYFuWm_ncfLx1dis9BPzAjJk8,Lathyrus,1436,I,473,383,True,False,False,False
5YiwQohl4sCc3mlUWDF_6kac5x_XT6_Fxii6qthqBlQXKCw,Odysseus131,1047,I,281,228,True,False,False,False
PRGiY3rmW7uqIS0WplB6ca8Xjb4ABmrgkv6pND4r8dLGzcY,TEAM Autophil,1078,I,316,249,True,False,False,False
g6cQj9ei9Y8TSfugHB5oIPijKniKCaVlLKRyOGSFHhflUiE,TraYtoN,1017,I,598,555,False,False,True,False
nhismbFwcf-hEsQCZ2tJggzmwJJrJzzxmYn36JRHpa9JYAY,Ploxy,974,I,415,371,False,False,False,True
ma2Z2hy9GVfMyK1yulNllcm1eIHWXOdB7_E-710zBcWNFO0, ممزق,1229,I,281,200,True,False,False,False
rJeedTLktZKtA0A9eNJd2bhXMy85kCGMMEn_OWx62JxgfYM,Kikis,980,I,876,818,False,False,False,True
gnj3a0W66smOlDr7b0emBKzAvQPY-xEdHeNAWVeJlXL9U9ENzrJXQ_Cf6A,mebadinleague,1103,I,145,110,True,False,False,False
29yt5DgJ2nY696L-vPqBYiQovyn6_mQthnZrwRO2tM0rLPIWpjw4ZMxkQw,Dr Dolittlé,1269,I,325,246,True,False,False,False
8OsAgZu1wKeVUP9HoPFyRU7YKkslla5bPnE3jgzdfNvAYXA,Tore den store,976,I,401,349,False,False,False,True
DCG1vTTSxo5oI5PPTzrNjUx5ueAI9KvoKpaUv11iyThMHePG,20001111,967,I,481,424,False,False,True,False
wv02LRRfo9FR32k-qCZMZO-cQjPAUTdro5wu8Xp3Gx3CrU0,slowqq,1063,I,656,600,True,False,False,False
VLN2UCWDT5e_4uz8-f057dktXR3jrLfw63bPnOrdLPIpDSYb,Stefan Nikolić,1002,I,298,253,True,False,False,False
K0b4Y9cLzv9uIJ-kWqZc77v5dN31u679oHiDbINcTLih6ks,Canam,1111,I,347,271,True,False,False,True
uQ2xvfDeunvThK5zHFTZU-CRWvzL5Qyf_8gKeTGm7ktEKyFO,Ferids grill ,952,I,554,499,False,False,True,False
NxWIRsSOY1x7S5ItJ6hzRje1mHvUtZlBqMT3uu2zbJAojdI,death ends,1172,I,331,253,False,False,False,True
-WEUCihy2erBHwkUPUHybhRwH1zxaI0beTmKNbFMqmKuuIw,DWG KIA Canyon,1020,I,280,213,False,False,False,True
eBHd8RGZtQxkr_BGqC7vEDbtTN1SHYgeZBjooEXzwjzJz7TK,soft cow1,1021,I,191,151,False,False,False,False
3KtYdYyZV97hAIklUPL8-wLtA2KdB8szLZc8j6wOAGAq5zVf,Frei sein,978,I,362,315,False,False,True,False
a6wNkLdhgNgzGCI7ocrNrJTl4dq990CoDyUQwMXJ4pSOPZs,qwfwgsdgsdgwAqf,1130,I,307,240,True,False,False,False
DI0pDmTzAEPYLZYOz8_KNSgH6zANgAI0WpdS06BbpuyuJTw,HUNGRYPANDA247,1060,I,732,667,False,False,False,False
sR--kGRxk1AL1IsNCLiNOGUpELLLiY7htcCiQZbDta-1_3uo,zCXi1lImn,973,I,1142,1086,False,False,True,False
f2mkmVyOVQou8p7mEy3Kq2sRrxKmD4JArtQx1jwZX7V0nA0,Melonik,1009,I,506,440,False,False,False,False
q6nAgrIkAlliPiDQyWIOOhzzIPprO-ti-z3rCBliaj-YRSQ,fastFF,1186,I,635,568,True,False,False,False
GTELRBkhNINSRJWnVAqGtaY6uvmDk2FTrIzR_EQOWmk2FRtjSFConIgA-w,coverunder,1262,I,340,256,True,False,False,False
HliDjqFZP4Lg1G8d5SuXTYZcTt5WH0Fjtn6nqY2wknvvRv4M,Ttv Lathyrus,1031,I,371,315,False,False,False,False
tsr-GJDf29fe3kWG7W33lDWqg8QTIuuwFhoEVen6c_TVin-1DhZTCQsFLQ,dntmdgkrhtlvdjdy,1268,I,171,98,True,False,False,False
FVAxZW8436Kiu7hTbuN6twHn9jNQziFeJP9f4YHwOK96jYik,7zx,1152,I,246,186,True,False,False,False
Gy_p5CBO-foO-beEba_685MNkbfcsTQTZRypzCuxCNBpCZHLBdQvyNI_6A,WatchMyPuppets,1004,I,426,375,True,False,False,False
IAXLH3DfmegiC46chWDIOilZliA3J__7N-NrMtelW2JIcYi_,jiaVX PaoPaoPW,1022,I,288,242,True,False,False,False
xO-iIhVla4XkSFWmQrm2t3Qtuc7N_UB8G-CiXqeMv1VgnzM,Sebeks,978,I,286,241,False,False,False,False
_igKwUWU8rksUgzNDEAi655Uu7rnN8Cgj2Pmgw0EHiP3Is4,Walid Georgey,1057,I,438,381,True,False,False,False
LpwOScCEPWFqY2_iaaxRlNNiymkrKmHgQreYYzlR-iP3XwAl,elf macaroni,1015,I,169,122,False,False,False,True
jTGblN7LZ7D7cWB6ovGhVebMeBQhearwOuHkpOFPaX9evzg,Practice,1100,I,312,246,False,False,False,True
hFhNzQ0Czh1VI-RL1wJg1AjO5DR3te-FYYrEUD7WtYftvYY,fury of kerberos,1591,I,373,287,True,False,False,True
343_dKr-AbxA6o3yIk7T8SPeM7QPS2jmALpAOljzXtx7hzM,IcyGale,1249,I,275,206,True,False,False,True
4txh5Snpa4QlpebdEMsa8xnKNaWPXnKEKc9FOl_0lUkqi9E,ismaaa,1043,I,625,569,False,False,False,False
hehYrwAmkrfD2F_fcxX9j3pLwPlCzbA3pdWDd-d3ULupGFU,Vizícsacsi,1017,I,435,361,True,False,False,True
qN8xKhBAiuLYgy7yqAycefOR6On1g1W0k5EEZT7UIGknIvY,RXBXCXP,962,I,398,345,False,False,False,False
kEjEklxR2Jw-FOERSjbX0Fx1RgzNeU2S_s9RPmKdHVLMuYIz,FFEBIVEN,997,I,98,71,False,False,True,False
MWgeKsQ7G3Kp-iTBHgAFfrjwLfhLHpAXvDw1ztEBjsM-Q68,LDLC Eika,979,I,701,652,False,False,False,False
RXNoiGbY8VuQB_mwk3UCoN2eRA8aJxxv-nFscfnOkDn-j2SFvidFwPlP8Q,chenzelot,1010,I,295,240,True,False,False,False
WbyhAHTjJg65VSLKWCxvkkNTWVMzO-tt6OPG7eYurlh_a9NYyX5GyEtSgw,ten and a half,1023,I,263,211,True,False,False,False
5MOq5ofNsRXXOFz_QanhmByyhDsi-NDTWRUBiZbjkzH3d30,AHäHäCiK,1386,I,854,775,True,False,False,False
VltKloKsDyUV5yANmfW2t0v1-36sdgRFzHDxca3RJyT3jiMrA5MZTex51A,TSM FTX Giyuu,989,I,489,430,False,False,False,False
VRBoUWaEKZaa9UZeEpfMMiogxibXcOsVex79jmXm_KsnOBI,FLY toucouille,1203,I,535,465,True,False,False,False
bv9iNMZyH3JB1EJfIoXJxJ-yOVDNCMpyIMgDnMh9pNlZtUo,Kobbe,1135,I,393,333,False,False,False,False
G2fc71hKCGUSpnUw6IaHpVqRsw0wI7VXewsuBQ2D5L3H_VJL,Hawk Stroker,1041,I,269,193,True,False,False,False
OsiWQCGXA3wJXfjTJs7COaj4kAg_X9B96_8Kf8AZum_fDHw,bluerzor,1086,I,554,504,False,False,False,False
3c0QdYhz_UXuTG8rTKqVeoVNqy_f6XziZUS701F1637ZUpw,Jagt,990,I,709,662,False,False,False,False
PvEvgCExSjF7FS4_A4oem-q8VtWhBMRm-TSHOG9msFxj9TA,SK JX,1158,I,413,338,False,False,False,False
dXTWMs-EaKehVUhUf69LN7S8RMNNrh-6_0ci7_IZd-3zKaofhaQVONoxSg,Vichennnn,1040,I,217,154,True,False,False,False
9jilhu2PHJl1VPky6RsezjQLW2fhUxzH9iPIZRf8p60h4kg,RoseLMonster,995,I,230,168,False,False,False,True
HLIOeJow6QQ4Dw6uaVDaeoJqA6fh-4kCWqpkd3N2RptSnfQ,not a chat user,1010,I,1404,1346,False,False,False,True
zslwtdC-qCpjMAzGzHinsXXmGoR3ToXFD_62K25Tyw8ysNtf,       lil loser,982,I,222,136,False,False,False,True
XLnKlqPlAP_kFNvqPAiJGFL_ObtuhIS9D9O78f7z3yqCKD7d,pr1meé ,1254,I,672,576,True,False,False,False
5Y1DVysdBOrewEUm5CxZLToBLT79tr-gz-vdXRSmkTb0XkxwQpamgRp2ZA,C9 ZVENNN,963,I,266,207,False,False,True,False
6Ko05P_NnQ6eg8boxfPQgvvZnY73FQgBJ21ghWNBSvODRyQ,AK47DIR,1078,I,73,47,False,False,False,False
nH6JsLg7T0Vvy-jCxqqWMuNZwBwclWFYRVpa6AUr5bhmgEE,NoELO4uSir,995,I,315,259,False,False,False,True
U9ScjLz5cGtuTrZ5fTz8Y2gFmFr20b8QDi_BnqUALQXHk7SilgKNYgj_dw,Socialist Slnged,1014,I,258,194,False,False,True,False
HxQrUUwm6dM9JO73njXw4-yMYq6U4L3XYATYpXvswbLhbss,Divine0,1006,I,282,229,True,False,False,False
ddGPP4B8CCqoP_ZZhRUKo5fCleV5qGbRXGNmE6-RKxCADUYL,Czypsy,1002,I,342,278,False,False,False,True
xg_MG6KOdKJrxZDXD1sDReFM35lTaEw0EzBN6bjDSwq1SDEfPpwzE4LtpQ,Unforgiven 43735,1011,I,416,359,False,False,False,True
eChDb0rQfIIje9vWiF6dUsEzoEjBNy81dcPuKcyxw-0ZtGg-95ozuP9cAg,LithuanianCanyon,981,I,154,102,False,False,False,True
7GeS6nyHO5oIDesb-hm8sXGaZX5c7J8W6cN3nRIjwgzbv878,Fressko,1016,I,949,883,False,False,True,False
hWPkrfPU1wXHFO-4yxnGxQzsfdFEkNTJDertYcq6GNS5bnM,WO DIUUUUUUUUU,1034,I,452,364,True,False,False,False
BlaUr-gbVsprPxlQ28-0K6bgocd6FHXIQMM3GebAMaouCmRZN2QnksixZw,one sip please,1077,I,144,93,False,False,False,False
81-cj-drf_6qmbAiThcXigJ7Xcmq3sXqBJPYVDyfTBmaBis,Jαvier,1107,I,464,401,True,False,False,False
LKueZUTvM7skHLwX89gIHXjtVMLkLZOuxGYcPIV-uIhmIqIc,TwTv Reptile9LoL,1103,I,267,206,True,False,False,False
CfJMT4ZDFzgi9G4q3hFKaWRStXzlZO-jIDoFKBe5-EkRFCpl,Iziio,1538,I,370,289,True,False,False,False
HtdvxkPj2oH9uksnPjIiqeOHbzLv_K30yLkMauatGeRjbma0,Shending LP,1054,I,238,183,True,False,False,False
QfBIJsAVT0BKeyG-d9tX-iTmSR-P_7NLeL-QsIkQFcfV7QPa,Nøltey,997,I,567,528,False,False,False,False
ZZnrTxbTwUvL5iZ9CN2fb8foesJ8AsdU3Jps43wkDTQk8-g,Albetrayber,1121,I,327,267,True,False,False,True
gxd2KU-oBqet3v7F5Yu90um4BfFKxa1G3XUGPGFJ6R1CEV4Y,i dream lucid,1138,I,634,562,True,False,False,False
XZ_uwTIhNHgd1Z4hev4Y4Iv2ah4SHKyI3NBtyDvDqLx1WnLA,Princess Kuba,1207,I,327,245,False,False,False,False
ejl7kjzClLQLhSC7DJ2n6FmmM0GhStq7l2gmiZoEvbr-piVQ,Drututt,992,I,433,380,True,False,False,False
IfI46aBLiXHx0hnrMflBwOXvXkffBvMquwSF5Li2vGgLlPo,azerty1,987,I,491,436,False,False,False,False
mfjTNBS5FBo-MRGnwRdKJH7gsbJ0oCloOgEwLUqmsorOoEk,Erdotee,1161,I,469,402,True,False,False,False
5KSeFab_MwUIODYDg32p6vDi_hfCqdcWdXv3MI6JS7L2lZQ,Mikyx LFT,977,I,547,496,False,False,False,False
X4j_v9RYtkcnXjCz4tg0DCDZoLvLiDH6HHn330I8txby39e1CbIddpcitg,Heart of Nazgul ,1072,I,142,77,False,False,False,False
yv-Op-7pfybnbCeBUhX1YhS_x-b9k2b9-Vdgq1arj_hQAlc,seaz test acc,1009,I,198,140,False,False,False,False
ldgjTefxR7mGV40kiqAz-WUtaO94Qbs3_GLyM13qCAA_QKbm,Raiden Shogun C2,1747,I,304,183,True,False,False,True
UfiwB_b-6RDTJh1Ns9xCSCP5zfgxgS-8fH0DuvhesIzoC80,Roıson,980,I,324,279,False,False,False,False
IRHRZo0RafgjJNVRwbst18saUJSADcgXcbsRDpooQSLPtJA,USE Dreamer Ace,982,I,373,317,False,False,True,True
EqVwBcQXkTJUWRP9okTqpoUet0934lYuCyLR4h-lYw_cHOs,człowiek z gazu,980,I,461,422,False,False,False,False
zSnz3MoJlzJY4WDK5qXf1PSRmIin9QN6_rN-73B6kg-cdZaD,snail xD,1088,I,462,385,False,False,False,False
5OhugACQ6osSrz76fcLcL4XTvEeYS7ojDvYiZ3LQZve8qiY,Nash1,1023,I,415,354,False,False,False,True
_BKSUjgaTpX9edkNjIBPkp4PiaxbgmIy0M4zidOPVLsSxfI,TheRoyalKanin,1105,I,1014,936,True,False,False,False
5ZoHWQpHl_RkzFbY8AHddw3smUO9BGZE-6qrkc_97aq3ULo,bnaduhas,968,I,409,359,False,False,False,False
Y10HRP7DmfIY8duIhvd5A7tng839rZR8Z4B28TjT3pXJnjQ,Don Noway,985,I,628,577,False,False,False,True
l-IEopNNmF69KHgown9uaLRXhQVqnRxLsZy5I1lj4nx49tc,Happy Alexx,1117,I,648,591,False,False,False,True
FZ3Q0AbNQJF30rVq-o4Oozml4x9ic13G0ZZ9x2ktJmZszcA,BLACKMETALTERROR,1007,I,1065,1014,False,False,False,True
uBaElahCjifeQbJw7CZSqwVU6fwpGBvgdxhp3eGsdapqWR7Z,im car,974,I,398,318,True,False,False,True
PuQ8LadZR1cSx0K9IpsddpW0YaV7yrZTDuUW3HvGWcnXdbI,Odoamne,1208,I,502,428,False,False,False,True
wIJOYauDgfXFw4F5mv5HkMh3dcUi7rAyGqpyc-jKtcfYDhB5,sheø,1302,I,352,284,True,False,False,False
wQtzPsCaW2-KHC8R_QlNaIEmoQqfxr313__2Fcfehkm4jxhsYXNERscVpg,Oghuzkhand,988,I,163,144,False,False,False,False
Yo1oPzsdcfQX0smh1fW_ZbxKbDaICQkxSS17b9o17c9aMno,Decay0,1206,I,966,895,False,False,False,False
FQr239XoVm_vD-tRZc4W9_0I_8RMo5san-JD1pLSamVhz4M,Suirotas,1011,I,707,652,False,False,False,True
Hj3QGDbEsXaHr6grjVceeVVeB0JJg3pGgfWsSRnNBiy3LqM,SlNGED,965,I,355,309,False,False,False,False
aeoCgnDbovJPQKBfT0FYHRKCOWMOxi0szGAh-W2_-yTdbbo,partlycloudy1,1038,I,533,484,True,False,False,False
tuY3eF2S4pNLdqOHlPitobEiZmUlLppdJIOk_VAEy0pssoo,dayikooooo,1050,I,600,533,False,False,False,False
NL3wr5nLeRnhrUkz9CsfjVdFmL5ak55m1rFvrt7VSuy3ZnDS,FULLCLEARING XD,1037,I,715,654,False,False,False,False
gAyFBSch-11z0qXv5A-J0qNkWxtyTcKIlPjuTzuDvDQp7oQ,SLY Eyliph,1100,I,266,210,False,False,False,False
3QylJxY6Iggh3wXSSHvznJEShpp0MGBEFCKlOqIZs6Fchsie,DWG KIA GFP,1010,I,860,779,False,False,True,False
xuqTguloCrbAheDMxDnuSWIGQL72ZxJVefSMrwGkMRAQ-jur,bzrp1,977,I,240,181,False,False,False,True
yO6hWorBWEVCGNZzwzLCO0xJomi7hXElOXE8UwAhbPCGpKBlgzE971SgKA,Pride0,1382,I,225,154,True,False,False,False
ySOuHzN3ZRz-ccN_zpO2UBfFpcssLykK3_6nICjEbhR_E3VhfCOOh2i7nQ,Gripless,1030,I,303,251,True,False,False,False
7vAXlGq0IxbVxGY1nCx81PGOI7PxBsCbX6sdjtskgOdCeNFZ,Sensei Cookie x ,974,I,709,553,False,False,False,True
agEmGsKntRjFk77nczjkjBiX1O-D0R-6vqVDw1TT5zixf3A,Leon der Leon,1017,I,347,285,False,False,False,False
o23e-W8p925vLogp2s10C64kyKoNF_w8yzp553jwJOFT5ao,Klarin,1056,I,401,348,False,False,False,False
vnci8n1HLKF0OE56VjGXXgvImnyJaLgcaARNYytlGUxdRhY,HHNeverLucky v2,988,I,158,105,False,False,False,True
npNGYn6U0pSyE8xHXklhsezS0Vpx-q3_Uvs_FkTMBumoyJc1,Szybent,1061,I,225,173,True,False,False,False
eQ8Wprru8WpBJBRkuVoQxTxCz9gxP2sRVgO2Tl6egujIWVM,Shending el HP,1244,I,199,113,True,False,False,True
dMIWqZk29N1G9YmSgq51fJcESGhg_h8sLsAH4YjjRGb0Jufe,Splash 001,1010,I,706,661,False,False,False,True
13rnhGWji7HM5436U7lTwhOb3yOCrA2tQBTOkFelGWkCzTc,Kieran Tierney,1060,I,220,151,True,False,False,False
3jrTPtcn98MgSdZEsY88IExvHCzlDz7gLcIoc_QcNx5nB-A,A Bronze Jungler,978,I,224,163,False,False,False,True
FeFHN1eQ69fPiv6jjmpYDUkVDVmgKnsaKGzQ2V0T1dhaMaI,Tazaku,978,I,278,220,False,False,False,False
xTaTEaYy6wU76vo5Xxtc29lj_7A_7VKSGu_aM42V6y2o4JI,Markoon,1013,I,676,628,True,False,False,False
nWT7WdnguRpO8sGX0X1rTttvIxX_8RjpgSqnFC4u-_RaVn18aef_jpXlpw,best viego ever,1432,I,244,159,True,False,False,False
B59FRsxLdTk-cqb34OlIZsypwVis5dEjIpm8JILVO28V1g4,FGG,1015,I,439,384,False,False,False,False
M1hZV1C-AxZkcFwZeJLneBpSxOzzgs8mtNbt5B4FLy6qKZM,Cedeiix,995,I,464,410,False,False,False,True
b33l7NdJTH9E5xSy4cuV7vdXyjZUrSkBcdSuhUbzLhJXp-M,Deádly,1068,I,419,368,True,False,False,False
HsIl8P6YaQta7CVg51BS1ZRrWQ2bNGf3SSfQvUf_HDPCSqc,SPEEDOBEAR,1015,I,901,842,False,False,False,False
r78qqUO4iMOjqmP9DYjBJjgdFcTIvAelc-OL5DH7QrIzthgo,HRN Joinze,992,I,1048,976,False,False,True,False
sdvYXe4Nm52P4lX5n_dd18zXM_pcYE7wrpPfRjbpOC80e2Q,school phobia,978,I,360,284,False,False,False,False
aCZKGJR4tHSIz6zErcueIddj8OdL5A8JNkbFkzXUeWS3hmw,Bad timing xd,1001,I,486,439,True,False,False,False
M7CsSOQVTTlWu9yGWUCbJtvAZ_cY3iTRdYPERpZXnmX0Iko,Ragnér1,1071,I,455,392,True,False,False,False
jPeW6o4I3wCj_XepOT4Hoynt6wh5b5Ps1ExTjpVLn1J0Tvc,Beanovich,1055,I,664,603,False,False,True,False
NjYD_EfQY2DoCN7TpFoeYJTjYJm7r_AivomoBaApHUl8B3QCKnAoAyQeEg,Qurrito Abuser ,979,I,336,281,False,False,False,True
HvQf5PKx_mzVYCZoWeUThbm44WEFJsGC7k-SgCeSdDiEK9nY,SMB NuQ,1234,I,429,351,True,False,False,False
Em5CfTJpcFze_zab96MjDSeRMXkPwdHQALhn5GKpSDt-Qczpma24rSOF_w,Víþer,1036,I,162,102,True,False,False,False
4jt78VSoDYXkH_MerIgh9oN7eQsIaguBMoTSGtub5h41W0-b,iljimae yong,1000,I,192,130,False,False,False,False
thW5yK4GLmZl25z6Jt8upmEpBBHcE4BN95FS3XP1B9BR6DhjgQ9DEz1PuQ,twtv Melljo,1116,I,212,151,True,False,False,False
0KvNkyzw8UBMcqoXaLI1TveMhLquNlPjUij4cti_W_uwSPs,CsleepingT,1028,I,101,71,False,False,False,False
OLM19XhDn6OJ6XHzLiplONTM2KMFAP0obOh_YefveYLHXmNa,Gilius2,987,I,335,276,False,False,False,False
MONWdhH19wBS1gMGdIK5GoDrrUPI-v4UDUhdBh83FriSKbI,Schuhbart,1000,I,281,226,False,False,False,True
wji9bol5i4thkANbe4t6YaHOwfmLxUApYJxFdlyjF-5nOqY,spaghetti bud,1015,I,797,712,False,False,False,True
CclytfG4Fpp2QzPioDrEkAlJJXu1R1XR0A15YjiorGX20tpB,Fatihcan,1013,I,626,570,True,False,False,False
kjcaoJxjq7C8zGCRp1oDDWa0vt3gUCG1RQm3Vv-gUGYfPpgW,xerxe fan,1040,I,108,68,False,False,False,False
PCR5IaMESQGQ-boGnfjGh6cBxqpqsnvUMRNt1no6e-20Ft2GCI6WLYr01A,MAXI dat boiii,1170,I,452,369,False,False,False,False
d1-OmGjkwhSDb_zPWn0HEPBhmXKz1edc0qgLC4s-g_iw-lM,Jigoa,1015,I,381,322,False,False,False,True
QC8-4pp_WV0Sd63v__lOqOjQKlsEEc8xaR_luwNk9ljqook,redminers123,981,I,481,405,False,False,False,True
8011GbcpHsx8ovC2baCLgb7ruwOVksCxGnypi3Dank8T9tZO9nukeamDTQ,F13RC3,1033,I,335,272,False,False,False,False
OT1t8_OCCFDEkrxAcUB-6IBzb15Wk6pxjqHUmCZO7gkXk6Y,noway2u,981,I,311,262,False,False,False,True
0dhz65r2yCNWAwpbZftSZ8vY5TsBPFOncnIV592ANoInHpfZdtXNOnJm7A,happy gαme,1022,I,153,96,True,False,False,False
RvVKTSuiiW716I6DZL59wIXdWYdEbOgX1glBeNDyZPrcQZPmMM4Z6uLmtw,GPUQSXMH,1026,I,193,136,False,False,True,False
lNGrCTo42wMUsd9cD5MQ_USoWG0_SSQlFerYh5kgYeLNcoA,TakeSet sama,1086,I,736,678,True,False,False,False
gRAYvOVo5FbvbMGGpA42zJrT-M2kQn-u_XVBuahOfLSHHbI,Koupfonga,1036,I,511,454,True,False,False,False
-zK0RjLV3uWmtmURCSYq8uilNKd3bxiASYPhlJ0wTcHTaduErGOSCnlh1Q,AØH,964,I,312,270,False,False,True,False
JtcQSMOmz6Ll3pxMNhTfy5ILilTxv9pLkYlsJnLN64vgPiC4Ip3eT960_w,Exakick1,1337,I,144,89,True,False,False,False
JcgkTtt81aU9GByRRrPRMnEA3lGogSbY3um9Dyryw8dtDkK5,hiro3,982,I,572,510,False,False,False,True
pbLzvHaoy9mpLVeR7ztEwi2X73pOuRdUBxjaqyD2oCi22k0,Roi DEMON,1061,I,405,349,False,False,False,True
dki5m1DsLbii7pI-318ygtr0oT8pAqMiprkuawlgeKLRidk,Snowflake Lucky,1002,I,532,485,False,False,False,False
GLCL4KnFJNslq5qCOCnrjaSWQn1S4rNQ0ci6L8jl0F66-LY,Elite500,998,I,738,691,False,False,False,False
uPMLQBw87tY2qG51u63uKr6IfX0hSuEe0dw4v54ZNN3j92ZtgnhnqNEk1A,BR Lord Semi,972,I,400,343,False,False,False,True
RKRhDHK_PlV1-VQv6Rw6K779WnK_ce_JVON_sJbZY-nnJb0,Seminol,992,I,354,294,False,False,False,True
smCy9jrEML1odeQZumv9q48oBAWMcrPlI8P1BSs-houx9Ck,Albetray,1172,I,444,374,True,False,False,False
LcrRTGF5sCmdL_MRhxhII9UmMWtiRpMHnBazBYUIu7rs8XlArh-G-fWW6g,FB Kunduz,1125,I,196,165,False,False,False,False
cjjAZcXHfd4nLzc7oQdygSo9sn10QABQM63cqGzT5foYXGI,scarface xyz,1045,I,534,486,True,False,False,False
cZIBDVSzM1vahPLNkGdgc3-YjBUrhQ18G9lniEs5VR2Frnh_aYSaYQsWdw,styropianzserem,983,I,154,104,False,False,False,False
18YrsFIVsbMa6KQ94ThQnnZTxBW_kIxHLdKMpQQAc4T8-Vc,Yosikomo,983,I,288,225,False,False,False,True
0sFqpkruBIdAUQE06AkOuROw5rYSRv0GnQl_PpYRJJFewCs,Raven2,1039,I,629,573,False,False,False,True
hQqsOjFX11xLhry3B98HL9H4RmWBoPjP5mkYRkTGItSTyP0,Froggen,1203,I,675,605,False,False,True,False
xwfkrJsBDWrwFR-IFwOJ0S53s4hPqaTNCBxwtGz5LH8c9wcW,Unforgiven 16215,1094,I,99,73,False,False,False,False
oUfLj-x4dy2IJDInYiNipZqJo2kbz8z9txsXT9UZdX5WBCMh,Yikeru,1307,I,363,299,True,False,False,False
xcQ66vC_O7VJdk-FbzU9Wsl8oelt7f0hStSQq4O1Ph0ixUM,Kirei sama,1052,I,594,542,False,False,False,False
Y5lxkLvIZTnlXLh2qYgi9bKiwcWVE_QDt17MkrMQVgjsMqY,WiIIyrex Fanboy,1191,I,1250,1187,True,False,False,False
LYbXBtqDsIQmnAinumoLG72mvmgSln9l8PUQNpNk_sJVGmM,CG Kaymin,978,I,300,248,False,False,False,True
J_9gHPl46IqY53I0hoPr1NnXFMQ740E4p6fHi8heHuQjmnA,Targamas,1240,I,705,642,True,False,False,False
hFrPGR219ZJCIodPw8yispPuEwILIBwPorp9L2TJ8ED5sAo,Kldfar,1013,I,228,160,False,False,False,False
ezdI4Ot0LztG3LgyBtDxbaITHb4O4MtDXxIOTWWQfsvZWOZPA1rV6XC3Dw,GOOS,1238,I,487,370,False,False,False,False
PKk_TxVB4b4RKNaCEZ33h_0GrZ4bkWZCtYoHQszTsjb0EEsk,Go Ha Go Ha,1098,I,460,395,True,False,False,False
uCU0lF41P90P6RKe-EghF6b0jN3BqzBNmKHl_RFAocRhaWw,Milica,985,I,298,248,False,False,False,True
tsXR-at5iUdsRLEjgQUrmOVgMaON8uZgIvnHt0HjtFMdfn8,Neon1337Ad,1333,I,534,441,True,False,False,False
ibR-T-tNk6tCfC0-8mVVcdJVIKP9N5GoJn9NTokKAxLxPWw98xu7m0JoOg,FERRETTT,1136,I,138,112,True,False,False,False
nWzIkLxnWCQ2nlA9KjpvntCqZdbOhSTZ8PP6UYDY3LwXH0U,TTV Potent213,1121,I,487,361,False,False,True,False
sFThsPo9WslZEuSa5wq_hcgAnb5JF8DEq1-NVpJ2nvQBa-g,Cutepatootie,992,I,428,380,False,False,False,False
KAGAOL57htb0Xwdsg-TS7-1UfilCb-WVzQ6Hx1Z39HijGC0,Alan234,1046,I,434,377,True,False,False,False
zOO6WWM7H2uv97k363ZZ15lyGEC582WXYWMFKd27m0DYwRNVQWcpifN95A,Topi xo,984,I,393,326,False,False,False,False
IFndqVNbQG77Nk_5moZ0r6BJaEyZBpt3VA_DoWZehFgTL6E,CG Afroboi,980,I,281,229,False,False,False,False
t0lA8J1Kp8I1ZLrfYmjPjvehKYsNOFU94FuD9kikJ4Ryv4E,zxvnmtzx,1020,I,192,134,False,False,False,False
k9J6_rH-k_f4iXvPLnknU9N051uoCrdCX6cJMI37ay6vJgk,Kite Machine,1074,I,1023,957,True,False,False,False
4owMpLcHKPfj1AUjfDIZlnpMMBCDT61WAaXDjY22zCy1ds8,Strafe Fan ,1104,I,317,252,False,False,False,False
hZ4IwTaUoCCfA-IIdSysJjGFBPlVyfxRUXr63nDW2q9IlQzy,UOL Cryptodir,970,I,316,258,False,False,False,False
NCsXJaXicJVPnRwdbmYPtM1WUF1KRDiFM8FnJkxwHGOkVJCH,BornThisWay7,977,I,200,146,False,False,False,False
TBDC9yxa5bCYiP1IlYdORdQFZH5_dphnkkOGWeq1blTlgdN2Xi0tgT2mGQ,Soul of Lucifar,1005,I,172,125,False,False,False,True
g8hArzyZFW30BmKcR4qy17RM0I9Wl5QRxZtvARB_sF4Fd_D0,Baby Tarz1,1107,I,382,323,False,False,False,True
6WPtEKSPry4tsWOQF1e-Ai3XdSTOkwkE7iMlid1ZBFteLoyN,Naak Nako,1048,I,775,710,True,False,False,False
Hz_STjV-VTPsT1eR-Ah_WrzyA8vap7y6H25xz6F5XD_Vyow,LRX76,1039,I,515,458,False,False,False,False
3znaHRQiq24sEfTqmaMEqj07Sh_8OrgQTmovuE_HZof1iig,Szygenda,1338,I,286,217,True,False,False,False
0zafIXDS6iNg85T03x_d2jXKGchb4THoMpQeo7-agWbEIDfK,PATRiCK BATEMANZ,1149,I,289,202,False,False,False,False
h1UZMKjWWAkVbWNj9-TqyHXT8EtsZYl6IKDEybuFLsDFggI,Kusa o Miko,987,I,888,813,False,False,False,True
IYsr-GYPVi25lzbJlAZ3RAdUYFmR_3TGSR5iiEgISuPSbwwo,balagan,1169,I,198,149,True,False,False,False
mKjYZ6BfHL2mAhIiCAEe63hZ8nf23CVuCehiHlfa1m_2hSO_,Sorya,1067,I,346,252,False,False,False,False
FCR5sHOuIFetKyvOGzCGS6gZiKaWBwa-krBZ9ZLExDQrUvvi,magic jg4165432,1106,I,199,135,True,False,False,False
lfUXqNG3RuF5ncvayw6TRkTnVJ7Xt8odjmsI90DeiAgqplk,qweasdf,1204,I,376,320,True,False,False,True
3oQ5pU3MkpxAToec0rTuhlh3T5gRp3Bk1hLI1Zj0OfKLDG8,dabbbu,1199,I,436,372,True,False,False,False
D8jZK9SJdHwk-6-8C1T1KNHAkdsZhzt701YE_uB-b04wZjI,AST MagiFelix,1191,I,776,707,True,False,False,False
Crok9DNJDiST_5EqaOZxpzhIyCB0ixw492H09Hvmgck1L8Y,enjawve,989,I,381,319,False,False,True,True
lEyRa2nMvbGXnbpiDMaxx1CYhPToWrNVvs7fC-lnaDVmDbIZ,Tempo Suta,972,I,512,464,False,False,True,False
PvOyg8xdiCx-7F5Gn-U_2gD-XFzO6FTXIGHpCJBN8wEHt3U,Eckas1,1013,I,488,427,True,False,False,False
4BxKtcteg8uIs_4phD-gfw-wAI2wlfooGM7FZ2iaxshUpYhEpB0GitFS_Q,PQPAANLS,1099,I,207,149,False,False,False,False
xLmzDVBY1Obj6GpKKAh2wznWrfitCv7y0W394EycKUia_Gg,WeAz SoRya,1196,I,520,455,False,False,True,True
e40MbcgbGhlvr3z2TvvM9pZ4PhMkp7gpGa5Gq6a8zas4xEE,kerberos int acc,1086,I,809,750,True,False,False,True
cOIF5zgNgGQLpEai8eu9N1qXOXo4y3a-On2Aq7uSofwKVU0,MeritxeIl,971,I,334,278,False,False,False,False
ASoZQ0ot1e8tXDWaWaV1qdQUs-kPj7jKXXoxOg0HFhWmnBs,ZWYRØØØ,1316,I,862,783,True,False,False,False
QY4c56cMxULbR5gr4YfWakJ_TjBYcKlH2ZAyOd1Bbii31t59,TimeIsFun,1089,I,560,474,True,False,False,False
weUvkJLTUdt88G2RNiKQUQizwG0VsAQllQD_Nh7CtEKmDOw,BizGG,1000,I,408,342,False,False,True,False
EKXEAurR3IAjnxp54NNBvPtiwhIIFT-9N2ZeH7X_xjhM4-tf,RGO Odi11,1036,I,441,372,True,False,False,False
QivF80g-6mymfV7Du9kKUV19MTjmkfPSvPH5o7V31OoAKZFdTN99Nb1x3g,Scarlet Rose,1075,I,110,81,False,False,False,False
oQ2h4F9cm57fQ3o9O6eUWN22H0-cAyeX8hh96yGdwL9AlDPX,Gorubo fan,986,I,310,250,False,False,False,False
AGETjRFlgTQ4vzmYPzkfPBAXQ05vcu8I508i7ZxfxopIXInJ,Jeg Elsker Faxe,987,I,279,224,False,False,False,True
VGA8MGFTR4BunmPfhDmCxAV9cgCDGPubJxUFWVIB7qk1q9Tg,huntiandi1,1372,I,820,737,True,False,False,False
6QRNP4ke-8sFC0jwrJa1Xf3H23V6vPhtpULNUa7W3G594BHi,Sboi155,1083,I,274,217,True,False,False,False
_SXH8xH1CZljvG0dPd01wMS7M2Lst0x8cSl0Euvb5f_CdNg,RabbIe Arouser,1023,I,247,188,False,False,False,False
_pTpTungZoioU6qMuYo1VNxX_05Idtr2lePcVRCzIbbcrvz4,PARUS 2,992,I,464,417,False,False,False,False
nJOZrZii_VDLBP0RxB8cqPxqhff8G9Tomy5lFbIiYXKPHec,darkchri99,1350,I,801,720,True,False,False,False
mMbs40nb4QEX_uM9RawebDomGCZNXOrOy80lBYmDcQFOhLmtuRyxoOpOLQ,chovy jg acc,1004,I,231,151,False,False,False,True
Vp9D4fhUjt6S3JJjoy9qtbae4xeNuzZjmXkFz4vIjva1Huo,Namex,1034,I,459,404,True,False,False,False
ht1po3ZVipCaXVg5-KpOK6kNfqi2yDwvj84dudQMTvcKoPA,Xhen Doo,1223,I,892,811,True,False,False,False
gKf6it-pSys-_mnn-fVhlqesp_6yUIGvyWSZJmk-YUc2Z78,Agurin,1276,I,696,605,True,False,False,False
dIE1wNlTbB92eIWEdRjGvO4B1CewoC4lpOl6qFMLf1CxyNg,G2 Leakos,1084,I,685,624,False,False,False,False
Mmfad_aDKg91kfN4OI7qssGekStvaAcbKWhBEMbEZrrv7fU,Boukada,1054,I,275,216,True,False,False,False
9Zyg6xL1QYKUlWtwX1N0Ebks9CGj2sjyHFJ6SWjMLNTzkls,Stor Olle ,1534,I,207,132,True,False,False,False
TzorlL5cPM2M-2_gmnlIMcxiSp7Z2Y8A_5X93WJG7dRxpGGxAzedrglzhA,DPMGODX1,1068,I,206,148,False,False,False,False
JNnvpOprMLIGNMsaymvjtJwN-XkzM-Xw-KQxF5MXbVj65szo,Envy0,1069,I,385,323,False,False,False,False
YjTdAc_91vco-mw96FRpH1nxie2ftvFtp6xd1CkGkCpVljwndVXpFD2c8A,Srry4MyOldMe,1016,I,532,470,False,False,False,False
yq8jLKhdOv8F_5BQFpdZo2AdNrmTMLXH7hLJsJchEpbBo_k,TwTv VintrezEu,1248,I,530,457,True,False,False,False
cxKIMJtpixpwPlhTqzbYFBiCQ-ess435ifntVathJEd3Ns8,Supaaa,1239,I,551,482,True,False,False,False
Ha4ETZGQyDJw-AiFqY5URFjw2CurphqH4BQD5o7HJkdydEBT,slapbooty454,969,I,494,434,False,False,False,False
HKNHAs9H31-DABjF6nhIK98m9mDkuLpQ4Gy_L6A22AVgKqTW,bob kong,1029,I,397,320,False,False,True,False
YwRM7OVyd41lbvn1i8dH1g7Pr4USKikQsvO-zbdCymnKH8k,Sebekx,1139,I,297,236,True,False,False,True
aIO16nJZbNOWZcd2XcWCRZG_msiuP9cQ3PvEfHieFpU3g9Y,Monsieur Oui,1038,I,515,460,False,False,False,False
nAjCzS2mji0u4Rbl2sPqDKqPzM2_4j1EiI2Y6sg34N6O4jiW,flakkkkkkkkkkkkk,1128,I,1267,1189,True,False,False,False
bio69vnEqYc8kgTgm1LvhcRP7YHZtlnKRDeZjnBAH1KqNQw,00N Smurfegutten,980,I,444,389,False,False,False,True
pTDKY3sV2ksgrMpkULYbG12MMdT7RAHZsadTT2BMcPOT_rs-,Annie IRL,1223,I,649,581,True,False,False,False
llrFPGp7J8HxagpEaAQ7uZU2DLoGN33ilI_NFhhHqY2SLG4,Iow expectations,985,I,547,491,False,False,True,False
TR8g_wGxd3aQ-px90zrh0_Kry6A3MajAB8jCVDUVLpHHJ3I,Tanu,1054,I,372,313,False,False,False,False
yDSnVZsaXbyr6NH9ShCWtAJviH_gq2g6XAPASkdpWA-aNvY,Peng04,1175,I,655,590,True,False,False,False
rp6jMjGOZ1UQgeMXHzZCdwYj61lo67mji3B-VmwakC6IuWc,XL Finn,1541,I,391,298,True,False,False,False
QqkhBTRiUU4_ock4z-YU4Fy1jf75CG1IuwzMmrOV4dG3CX0,x4T7,976,I,461,408,False,False,False,False
